{
  "Component-dbg.js": 1748325647753,
  "model/models.js": 1748325647761,
  "controller/Main.controller.js": 1748354584302,
  "controller/App.controller.js": 1748325647761,
  "manifest.json": 1748325665152,
  "Component.js": 1748325647753,
  "i18n/i18n.properties": 1748325665156,
  "Component.js.map": 1748355215893,
  "controller/Main-dbg.controller.js": 1748354584302,
  "controller/Main.controller.js.map": 1748355215932,
  "controller/App-dbg.controller.js": 1748325647761,
  "controller/App.controller.js.map": 1748355215870,
  "model/models-dbg.js": 1748325647761,
  "model/models.js.map": 1748355215886,
  "Component-preload.js": 1748355216064,
  "Component-preload.js.map": 1748355216064,
  "view/Main.view.xml": 1748354608866,
  "view/App.view.xml": 1748325647765,
  "css/style.css": 1748348580759,
  "index.html": 1748325647757
}